Shape,Model,Resolution,MegaPixel,FrameRate,PTZ,Infrared,Varifocal,SD Card Storage,Wifi,Onvif,Audio IN,Audio OUT,PoE,UPnP,JPEG URL,H264 URL,MJPEG URL,user Manual,Data sheet,Page Reference,Default user,Default password,Detailed Shape / Type as in vendor catalog,Manufacturer
Box,M1004-W,1280x800,1,30,NO,NO,Adjustable Focus,NO,YES,YES,NO,NO,NO,NO,axis-cgi/jpg/image.cgi,axis-media/media.amp,axis-cgi/mjpg/video.cgi,http://www.axis.com/files/manuals/um_m1004w_49542_en_1303.pdf,http://www.axis.com/files/datasheet/ds_m10_51860_en_lo_0513.pdf,http://www.axis.com/products/cam_m1004w/index.htm,root,pass,Fixed,Axis
Box,M1013,800x600,?,30,NO,NO,Adjustable Focus,YES,NO,YES,NO,NO,NO,NO,axis-cgi/jpg/image.cgi,axis-media/media.amp,axis-cgi/mjpg/video.cgi,http://www.axis.com/files/manuals/um_m1013_47128_en_1206.pdf,http://www.axis.com/files/datasheet/ds_m10_51860_en_lo_0513.pdf,http://www.axis.com/products/cam_m1013/index.htm,root,pass,Fixed,Axis
Box,M1014,1280x800,1,30,NO,NO,Adjustable Focus,YES,NO,YES,NO,NO,NO,NO,axis-cgi/jpg/image.cgi,axis-media/media.amp,axis-cgi/mjpg/video.cgi,http://www.axis.com/files/manuals/um_m1014_47129_en_1206.pdf,http://www.axis.com/files/datasheet/ds_m10_51860_en_lo_0513.pdf,http://www.axis.com/products/cam_m1014/index.htm,root,pass,Fixed,Axis
Box,M1033-W,800x600,?,30,NO,NO,Adjustable Focus,NO,YES,YES,YES,YES,NO,NO,axis-cgi/jpg/image.cgi,axis-media/media.amp,axis-cgi/mjpg/video.cgi,http://www.axis.com/files/manuals/um_m1033w_47130_en_1206.pdf,,http://www.axis.com/products/cam_m1033w/index.htm,root,pass,Fixed,Axis
Box,M1034-W,1280x800,1,30,NO,NO,Adjustable Focus,NO,YES,YES,YES,YES,NO,NO,axis-cgi/jpg/image.cgi,axis-media/media.amp,axis-cgi/mjpg/video.cgi,http://www.axis.com/files/manuals/um_m1034w_47131_en_1206.pdf,,http://www.axis.com/products/cam_m1034w/index.htm,root,pass,Fixed,Axis
Box,M1054,1280x800,1,30,NO,NO,NO,NO,NO,YES,YES,YES,YES,NO,axis-cgi/jpg/image.cgi,axis-media/media.amp,axis-cgi/mjpg/video.cgi,http://www.axis.com/files/manuals/um_m1054_51539_en_1304.pdf,,http://www.axis.com/products/cam_m1054/index.htm,root,pass,Fixed,Axis
Box,M1103,800x600,?,30,NO,NO,NO,NO,NO,YES,NO,NO,YES,NO,axis-cgi/jpg/image.cgi,axis-media/media.amp,axis-cgi/mjpg/video.cgi,http://www.axis.com/files/manuals/um_m1103_46766_en_1206.pdf,,http://www.axis.com/products/cam_m1103/index.htm,root,pass,Fixed,Axis
Box,M1104,1280x800,1,30,NO,NO,NO,NO,NO,YES,NO,NO,YES,NO,axis-cgi/jpg/image.cgi,axis-media/media.amp,axis-cgi/mjpg/video.cgi,http://www.axis.com/files/manuals/um_m1104_46767_en_1206.pdf,,http://www.axis.com/products/cam_m1104/index.htm,root,pass,Fixed,Axis
Box,M1113(a),800x600,?,30,NO,NO,NO,NO,NO,YES,NO,NO,YES,NO,axis-cgi/jpg/image.cgi,axis-media/media.amp,axis-cgi/mjpg/video.cgi,http://www.axis.com/files/manuals/um_m1113_46768_en_1206.pdf,,http://www.axis.com/products/cam_m1113/index.htm,root,pass,Fixed,Axis
Box,M1113-E(b),800x600,?,30,NO,NO,NO,NO,NO,YES,NO,NO,YES,NO,axis-cgi/jpg/image.cgi,axis-media/media.amp,axis-cgi/mjpg/video.cgi,http://www.axis.com/files/manuals/um_m1113e_46770_en_1206.pdf,,http://www.axis.com/products/cam_m1113e/index.htm,root,pass,Fixed,Axis
Box,M1114(a),1280x800,1,30,NO,NO,NO,NO,NO,YES,NO,NO,YES,NO,axis-cgi/jpg/image.cgi,axis-media/media.amp,axis-cgi/mjpg/video.cgi,http://www.axis.com/files/manuals/um_m1114_46769_en_1206.pdf,,http://www.axis.com/products/cam_m1114/index.htm,root,pass,Fixed,Axis
Box,M1114-E(b),1280x800,1,30,NO,NO,NO,NO,NO,YES,NO,NO,YES,NO,axis-cgi/jpg/image.cgi,axis-media/media.amp,axis-cgi/mjpg/video.cgi,http://www.axis.com/files/manuals/um_m1114e_46771_m1_6en_1206.pdf,,http://www.axis.com/products/cam_m1114/index.htm,root,pass,Fixed,Axis
Box,M1143-L,800x600,?,30,NO,NO,NO,YES,NO,YES,NO,NO,YES,NO,axis-cgi/jpg/image.cgi,axis-media/media.amp,axis-cgi/mjpg/video.cgi,http://www.axis.com/files/manuals/um_m1143_l_45407_en_1206.pdf,,,root,pass,Fixed,Axis
Box,M1144-L,1280x800,1,30,NO,NO,NO,YES,NO,YES,NO,NO,YES,NO,axis-cgi/jpg/image.cgi,axis-media/media.amp,axis-cgi/mjpg/video.cgi,http://www.axis.com/files/manuals/um_m1144_l_45408_en_1206.pdf,,http://www.axis.com/products/cam_m1144l/index.htm,root,pass,Fixed,Axis
Box,M2014-E,1280x720,?,30,NO,NO,NO,YES,NO,YES,NO,NO,YES,NO,axis-cgi/jpg/image.cgi,axis-media/media.amp,axis-cgi/mjpg/video.cgi,http://www.axis.com/files/manuals/um_m2014-e_52939_en_1307.pdf,http://www.axis.com/files/datasheet/ds_m2014-E_50895_en_1303_lo.pdf,http://www.axis.com/products/cam_m2014e/index.htm,root,pass,Fixed,Axis
Box,P1204,1280X720,?,30,NO,NO,NO,YES,NO,YES,NO,NO,YES,?,axis-cgi/jpg/image.cgi,axis-media/media.amp,axis-cgi/mjpg/video.cgi,http://www.axis.com/files/manuals/um_p1204_51833_en_1305.pdf,http://www.axis.com/files/datasheet/ds_p12series_56412_en_1405_lo.pdf,http://www.axis.com/products/cam_p1204/index.htm,root,pass,Fixed,Axis
Box,P1214-E,1280X720,?,30,NO,NO,NO,YES,NO,YES,NO,NO,YES,?,axis-cgi/jpg/image.cgi,axis-media/media.amp,axis-cgi/mjpg/video.cgi,http://www.axis.com/files/manuals/um_p1214-e_51835_en_1305.pdf,http://www.axis.com/files/datasheet/ds_p12series_56412_en_1405_lo.pdf,http://www.axis.com/products/cam_p1214e/index.htm,root,pass,Fixed,Axis
Box,P1214,1280X720,?,30,NO,NO,NO,YES,NO,YES,NO,NO,YES,?,axis-cgi/jpg/image.cgi,axis-media/media.amp,axis-cgi/mjpg/video.cgi,http://www.axis.com/files/manuals/um_p1214_51834_en_1305.pdf,http://www.axis.com/files/datasheet/ds_p12series_56412_en_1405_lo.pdf,http://www.axis.com/products/cam_p1214/index.htm,root,pass,Fixed,Axis
Box,P1224-E,1280X720,?,30,NO,NO,NO,YES,NO,YES,NO,NO,YES,?,axis-cgi/jpg/image.cgi,axis-media/media.amp,axis-cgi/mjpg/video.cgi,http://www.axis.com/files/manuals/um_p1224e_57828_en_1405.pdf,http://www.axis.com/files/datasheet/ds_p12series_56412_en_1405_lo.pdf,http://www.axis.com/products/cam_p1224e/index.htm,root,pass,Fixed,Axis
Box,P1353(a),800x600,?,30,NO,NO,YES,YES,NO,YES,YES,YES,YES,NO,axis-cgi/jpg/image.cgi,axis-media/media.amp,axis-cgi/mjpg/video.cgi,http://www.axis.com/files/manuals/um_p1353_51346_en_1303.pdf,http://www.axis.com/files/datasheet/ds_p13_56416_en_1403_hi.pdf,http://www.axis.com/products/cam_p1353/index.htm,root,pass,Fixed,Axis
Box,P1353-E(b),800x600,?,30,NO,NO,YES,YES,NO,YES,YES,YES,YES,NO,axis-cgi/jpg/image.cgi,axis-media/media.amp,axis-cgi/mjpg/video.cgi,http://www.axis.com/files/manuals/um_p1353-e_51347_en_1303.pdf,http://www.axis.com/files/datasheet/ds_p13_56416_en_1403_hi.pdf,http://www.axis.com/products/cam_p1353e/index.htm,root,pass,Fixed,Axis
Box,P1354(a),1280x960,1.3,30,NO,NO,YES,YES,NO,YES,YES,YES,YES,NO,axis-cgi/jpg/image.cgi,axis-media/media.amp,axis-cgi/mjpg/video.cgi,http://www.axis.com/files/manuals/um_p1354_51348_en_1303.pdf,http://www.axis.com/files/datasheet/ds_p13_56416_en_1403_hi.pdf,http://www.axis.com/products/cam_p1354/index.htm,root,pass,Fixed,Axis
Box,P1354-E(b),1280x960,1.3,30,NO,NO,YES,YES,NO,YES,YES,YES,YES,NO,axis-cgi/jpg/image.cgi,axis-media/media.amp,axis-cgi/mjpg/video.cgi,http://www.axis.com/files/manuals/um_p1354-e_51349_en_1303.pdf,http://www.axis.com/files/datasheet/ds_p13_56416_en_1403_hi.pdf,http://www.axis.com/products/cam_p1354e/index.htm,root,pass,Fixed,Axis
Box,P1355(a),1920x1080,?,30,NO,NO,YES,YES,NO,YES,YES,YES,YES,NO,axis-cgi/jpg/image.cgi,axis-media/media.amp,axis-cgi/mjpg/video.cgi,http://www.axis.com/files/manuals/um_p1355_49956_en_1303.pdf,http://www.axis.com/files/datasheet/ds_p13_56416_en_1403_hi.pdf,http://www.axis.com/products/cam_p1355/index.htm,root,pass,Fixed,Axis
Box,P1355-E(b),1920x1080,?,30,NO,NO,YES,YES,NO,YES,YES,YES,YES,NO,axis-cgi/jpg/image.cgi,axis-media/media.amp,axis-cgi/mjpg/video.cgi,http://www.axis.com/files/manuals/um_p1355-e_49957_en_1303.pdf,http://www.axis.com/files/datasheet/ds_p13_56416_en_1403_hi.pdf,http://www.axis.com/products/cam_p1355e/index.htm,root,pass,Fixed,Axis
Box,P1357(a),2592x1944,5,30,NO,NO,YES,YES,NO,YES,YES,YES,YES,NO,axis-cgi/jpg/image.cgi,axis-media/media.amp,axis-cgi/mjpg/video.cgi,http://www.axis.com/files/manuals/um_p1357_49958_en_1303.pdf,http://www.axis.com/files/datasheet/ds_p13_56416_en_1403_hi.pdf,http://www.axis.com/products/cam_p1357/index.htm,root,pass,Fixed,Axis
Box,P1357-E(b),2592x1944,5,30,NO,NO,YES,YES,NO,YES,YES,YES,YES,NO,axis-cgi/jpg/image.cgi,axis-media/media.amp,axis-cgi/mjpg/video.cgi,http://www.axis.com/files/manuals/um_p1357-e_49959_en_1303.pdf,http://www.axis.com/files/datasheet/ds_p13_56416_en_1403_hi.pdf,http://www.axis.com/products/cam_p1357e/index.htm,root,pass,Fixed,Axis
Box,Q1602(a,768x576,?,30,NO,NO,YES,YES,NO,YES,YES,YES,YES,NO,axis-cgi/jpg/image.cgi,axis-media/media.amp,axis-cgi/mjpg/video.cgi,http://www.axis.com/files/manuals/um_q1602_en_47416_1204.pdf,http://www.axis.com/files/datasheet/ds_q16_51537_en_1402_hi.pdf,http://www.axis.com/products/cam_q1602/index.htm,root,pass,Fixed,Axis
Box,Q1602-E(b),768x576,?,30,NO,NO,YES,YES,NO,YES,YES,YES,YES,NO,axis-cgi/jpg/image.cgi,axis-media/media.amp,axis-cgi/mjpg/video.cgi,http://www.axis.com/files/manuals/um_q1602e_47417_en_1204.pdf,http://www.axis.com/files/datasheet/ds_q16_51537_en_1402_hi.pdf,http://www.axis.com/products/cam_q1602e/index.htm,root,pass,Fixed,Axis
Box,Q1604(a),1280x960,1,30,NO,NO,YES,YES,NO,YES,YES,YES,YES,NO,axis-cgi/jpg/image.cgi,axis-media/media.amp,axis-cgi/mjpg/video.cgi,http://www.axis.com/files/manuals/um_q1604_55401_en_1312.pdf,http://www.axis.com/files/datasheet/ds_q16_51537_en_1402_hi.pdf,http://www.axis.com/products/cam_q1604/index.htm,root,pass,Fixed,Axis
Box,Q1604-E(b),1280x960,1,30,NO,NO,YES,YES,NO,YES,YES,YES,YES,NO,axis-cgi/jpg/image.cgi,axis-media/media.amp,axis-cgi/mjpg/video.cgi,http://www.axis.com/files/manuals/um_q1604e_55402_en_1312.pdf,http://www.axis.com/files/datasheet/ds_q16_51537_en_1402_hi.pdf,http://www.axis.com/products/cam_q1604e/index.htm,root,pass,Fixed,Axis
Box,Q1614(a),1280x960,1,30,NO,NO,YES,YES,NO,YES,YES,YES,YES,NO,axis-cgi/jpg/image.cgi,axis-media/media.amp,axis-cgi/mjpg/video.cgi,http://www.axis.com/files/manuals/um_q1614_55118_en_1312.pdf,http://www.axis.com/files/datasheet/ds_q16_51537_en_1402_hi.pdf,http://www.axis.com/products/cam_q1614/index.htm,root,pass,Fixed,Axis
Box,Q1614-E(b),1280x960,1,30,NO,NO,YES,YES,NO,YES,YES,YES,YES,NO,axis-cgi/jpg/image.cgi,axis-media/media.amp,axis-cgi/mjpg/video.cgi,http://www.axis.com/files/manuals/um_q1614-e_55119_en_1312.pdf,http://www.axis.com/files/datasheet/ds_q16_51537_en_1402_hi.pdf,http://www.axis.com/products/cam_q1614e/index.htm,root,pass,Fixed,Axis
Box,Q1755(a),1920x1080,2,30,NO,NO,Autoiris,YES,NO,YES,YES,YES,YES,NO,axis-cgi/jpg/image.cgi,axis-media/media.amp,axis-cgi/mjpg/video.cgi,http://www.axis.com/products/cam_q1755/index.htm,http://www.axis.com/files/datasheet/ds_q1755_q1755e_42729_en_1210_lo.pdf,,root,pass,Fixed,Axis
Box,Q1755-E(b),1920x1080,2,30,NO,NO,Autoiris,YES,NO,YES,YES,YES,YES,NO,axis-cgi/jpg/image.cgi,axis-media/media.amp,axis-cgi/mjpg/video.cgi,http://www.axis.com/files/manuals/um_q1755_45216_en_1111.pdf,http://www.axis.com/files/datasheet/ds_q1755_q1755e_42729_en_1210_lo.pdf,http://www.axis.com/products/cam_q1755e/index.htm,root,pass,Fixed,Axis
Box,Q1765-LE,1920x1080,2,30,NO,NO,Autoiris,YES,NO,YES,YES,YES,YES,NO,axis-cgi/jpg/image.cgi,axis-media/media.amp,axis-cgi/mjpg/video.cgi,http://www.axis.com/files/manuals/um_q1765-le_57085_en_1404.pdf,http://www.axis.com/files/datasheet/ds_q1755_q1755e_42729_en_1210_lo.pdf,http://www.axis.com/products/cam_q1765le/index.htm,root,pass,Fixed,Axis
Box,P8514,1280x800,1,30,NO,NO,Fixed iris,NO,NO,YES,NO,NO,YES,NO,axis-cgi/jpg/image.cgi,axis-media/media.amp,axis-cgi/mjpg/video.cgi,http://www.axis.com/files/manuals/um_m3004v_49764_en_1211.pdf,http://www.axis.com/files/user_scenarios/ps_p8513_p8514_en_1110_lo.pdf,http://www.axis.com/products/cam_p8514/index.htm,root,pass,Covert,Axis
Dome,M3004-V,1280x800,1,30,NO,NO,Fixed iris,YES,NO,YES,NO,NO,YES,NO,axis-cgi/jpg/image.cgi,axis-media/media.amp,axis-cgi/mjpg/video.cgi,http://www.axis.com/files/manuals/um_m3004v_49764_en_1211.pdf,http://www.axis.com/files/datasheet/ds_m30_51861_en_1404_lo.pdf,http://www.axis.com/products/cam_m3004v/index.htm,root,pass,Fixed dome,Axis
Dome,M3005-V,1920x1080,2,30,NO,NO,Fixed iris,YES,NO,YES,NO,NO,YES,NO,axis-cgi/jpg/image.cgi,axis-media/media.amp,axis-cgi/mjpg/video.cgi,http://www.axis.com/files/sales/um_m3005v_49763_en_1212.pdf,http://www.axis.com/files/datasheet/ds_m30_51861_en_1404_lo.pdf,http://www.axis.com/products/cam_m3005v/index.htm,root,pass,Fixed dome,Axis
Dome,M3006-V,2048x1536,3,30,NO,NO,Fixed iris,YES,NO,YES,NO,NO,YES,NO,axis-cgi/jpg/image.cgi,axis-media/media.amp,axis-cgi/mjpg/video.cgi,http://www.axis.com/files/manuals/um_m3006v_50602_en_1302.pdf,http://www.axis.com/files/datasheet/ds_m30_51861_en_1404_lo.pdf,http://www.axis.com/products/cam_m3006v/index.htm,root,pass,Fixed dome,Axis
Dome,M3007-P,2592x1944,5,12,NO,NO,Fixed iris,YES,NO,YES,NO,NO,YES,NO,axis-cgi/jpg/image.cgi,axis-media/media.amp,axis-cgi/mjpg/video.cgi,http://www.axis.com/files/manuals/um_m3007p_57083_en_1404.pdf,http://www.axis.com/files/datasheet/ds_m30_51861_en_1404_lo.pdf,http://www.axis.com/products/cam_m3007p/index.htm,root,pass,Fixed dome,Axis
Dome,M3007-PV,2592x1944,5,12,NO,NO,Fixed iris,YES,NO,YES,NO,NO,YES,NO,axis-cgi/jpg/image.cgi,axis-media/media.amp,axis-cgi/mjpg/video.cgi,http://www.axis.com/files/manuals/um_m3007pv_57084_en_1404.pdf,http://www.axis.com/files/datasheet/ds_m30_51861_en_1404_lo.pdf,http://www.axis.com/products/cam_m3007pv/index.htm,root,pass,Fixed dome,Axis
Dome,M3024-LVE,1280x800,1,30,NO,NO,Fixed iris,YES,NO,YES,NO,NO,YES,NO,axis-cgi/jpg/image.cgi,axis-media/media.amp,axis-cgi/mjpg/video.cgi,http://www.axis.com/files/manuals/um_m3024-lve_55027_en_1311.pdf,http://www.axis.com/files/datasheet/ds_m30_51861_en_1404_lo.pdf,http://www.axis.com/products/cam_m3024lve/index.htm,root,pass,Fixed dome,Axis
Dome,M3025-VE,1920x1080,2,30,NO,NO,Fixed iris,YES,NO,YES,NO,NO,YES,NO,axis-cgi/jpg/image.cgi,axis-media/media.amp,axis-cgi/mjpg/video.cgi,http://www.axis.com/files/manuals/um_m3025-ve_55036_en_1311.pdf,http://www.axis.com/files/datasheet/ds_m30_51861_en_1404_lo.pdf,http://www.axis.com/products/cam_m3025ve/index.htm,root,pass,Fixed dome,Axis
Dome,M3026-VE,2048x1536,3,30,NO,NO,Fixed iris,YES,NO,YES,NO,NO,YES,NO,axis-cgi/jpg/image.cgi,axis-media/media.amp,axis-cgi/mjpg/video.cgi,http://www.axis.com/files/manuals/um_m3026_51802_en_1309.pdf,http://www.axis.com/files/datasheet/ds_m30_51861_en_1404_lo.pdf,http://www.axis.com/products/cam_m3026ve/index.htm,root,pass,Fixed dome,Axis
Dome,M3027-PVE,2592x1944,5,12,NO,NO,NO,YES,NO,YES,NO,NO,YES,NO,axis-cgi/jpg/image.cgi,axis-media/media.amp,axis-cgi/mjpg/video.cgi,http://www.axis.com/files/manuals/um_M3027pve_54020_en_1402.pdf,http://www.axis.com/files/datasheet/ds_m30_51861_en_1404_lo.pdf,http://www.axis.com/products/cam_m3027pve/index.htm,root,pass,Fixed dome,Axis
Dome,M3014,1280x800,1,30,NO,NO,Fixed iris,NO,NO,YES,NO,NO,YES,NO,axis-cgi/jpg/image.cgi,axis-media/media.amp,axis-cgi/mjpg/video.cgi,http://www.axis.com/files/manuals/um_m3014_45300_en_1112.pdf,http://www.axis.com/files/datasheet/ds_m3014_56427_en_1403_hi.pdf,http://www.axis.com/products/cam_m3014/index.htm,root,pass,Fixed dome,Axis
Dome,M3113-R,800x600,?,30,NO,NO,Fixed iris,NO,NO,YES,NO,NO,YES,NO,axis-cgi/jpg/image.cgi,axis-media/media.amp,axis-cgi/mjpg/video.cgi,http://www.axis.com/files/manuals/um_m3113_r_45272_en_1112.pdf,http://www.axis.com/files/datasheet/ds_m31r_44147_en_1208_lo.pdf,http://www.axis.com/products/cam_m3113r/index.htm,root,pass,Fixed dome,Axis
Dome,M3114-R,1280x800,1,30,NO,NO,Fixed iris,NO,NO,YES,NO,NO,YES,NO,axis-cgi/jpg/image.cgi,axis-media/media.amp,axis-cgi/mjpg/video.cgi,http://www.axis.com/files/manuals/um_m3114r_49433_en_1112.pdf,http://www.axis.com/files/datasheet/ds_m31r_44147_en_1208_lo.pdf,http://www.axis.com/products/cam_m3114r/index.htm,root,pass,Fixed dome,Axis
Dome,M3113-VE,800x600,?,30,NO,NO,Fixed iris,NO,NO,YES,NO,NO,YES,NO,axis-cgi/jpg/image.cgi,axis-media/media.amp,axis-cgi/mjpg/video.cgi,http://www.axis.com/files/manuals/um_M3113_3114_40826__en_1104.pdf,http://www.axis.com/files/datasheet/ds_m31ve_51863_en_1403_lo.pdf,http://www.axis.com/products/cam_m3113ve/index.htm,root,pass,Fixed dome,Axis
Dome,M3114-VE,1280x800,1,30,NO,NO,Fixed iris,NO,NO,YES,NO,NO,YES,NO,axis-cgi/jpg/image.cgi,axis-media/media.amp,axis-cgi/mjpg/video.cgi,http://www.axis.com/files/manuals/um_M3113_3114_40826__en_1104.pdf,http://www.axis.com/files/datasheet/ds_m31ve_51863_en_1403_lo.pdf,http://www.axis.com/products/cam_m3114ve/index.htm,root,pass,Fixed dome,Axis
Dome,M3203,800x600,?,30,NO,NO,Fixed iris,NO,NO,YES,NO,NO,YES,NO,axis-cgi/jpg/image.cgi,axis-media/media.amp,axis-cgi/mjpg/video.cgi,http://www.axis.com/files/manuals/um_m3203_57992_en_1405.pdf,http://www.axis.com/files/datasheet/ds_m32_41247_en_1207_lo.pdf,http://www.axis.com/products/cam_m3203/index.htm,root,pass,Fixed dome,Axis
Dome,M3203-V,800x600,?,30,NO,NO,Fixed iris,NO,NO,YES,NO,NO,YES,NO,axis-cgi/jpg/image.cgi,axis-media/media.amp,axis-cgi/mjpg/video.cgi,http://www.axis.com/files/manuals/um_m3203v_57993_en_1405.pdf,http://www.axis.com/files/datasheet/ds_m32_41247_en_1207_lo.pdf,http://www.axis.com/products/cam_m3203v/index.htm,root,pass,Fixed dome,Axis
Dome,M3204,1280x800,1,30,NO,NO,Fixed iris,NO,NO,YES,NO,NO,YES,NO,axis-cgi/jpg/image.cgi,axis-media/media.amp,axis-cgi/mjpg/video.cgi,http://www.axis.com/files/manuals/um_m3204_57994_en_1405.pdf,http://www.axis.com/files/datasheet/ds_m32_41247_en_1207_lo.pdf,http://www.axis.com/products/cam_m3204/index.htm,root,pass,Fixed dome,Axis
Dome,M3204-V,1280x800,1,30,NO,NO,Fixed iris,NO,NO,YES,NO,NO,YES,NO,axis-cgi/jpg/image.cgi,axis-media/media.amp,axis-cgi/mjpg/video.cgi,http://www.axis.com/files/manuals/um_m3204v_57995_en_1405.pdf,http://www.axis.com/files/datasheet/ds_m32_41247_en_1207_lo.pdf,http://www.axis.com/products/cam_m3204v/index.htm,root,pass,Fixed dome,Axis
Dome,P3301,640x480,?,30,NO,NO,Varifocal ,NO,NO,YES,YES,YES,YES,NO,axis-cgi/jpg/image.cgi,axis-media/media.amp,axis-cgi/mjpg/video.cgi,,http://www.axis.com/files/datasheet/ds_p33v_51535_en_1310_lo.pdf,,root,pass,Fixed dome,Axis
Dome,P3301-V,640x480,?,30,NO,NO,Varifocal ,NO,NO,YES,YES,YES,YES,NO,axis-cgi/jpg/image.cgi,axis-media/media.amp,axis-cgi/mjpg/video.cgi,,http://www.axis.com/files/datasheet/ds_p33v_51535_en_1310_lo.pdf,,root,pass,Fixed dome,Axis
Dome,P3304,1280x800,1,30,NO,NO,Varifocal ,NO,NO,YES,YES,YES,YES,NO,axis-cgi/jpg/image.cgi,axis-media/media.amp,axis-cgi/mjpg/video.cgi,,http://www.axis.com/files/datasheet/ds_p33v_51535_en_1310_lo.pdf,,root,pass,Fixed dome,Axis
Dome,P3304-V,1280x800,1,30,NO,NO,Varifocal ,NO,NO,YES,YES,YES,YES,NO,axis-cgi/jpg/image.cgi,axis-media/media.amp,axis-cgi/mjpg/video.cgi,,http://www.axis.com/files/datasheet/ds_p33v_51535_en_1310_lo.pdf,,root,pass,Fixed dome,Axis
Dome,P3353,800x600,?,30,NO,NO,Varifocal ,YES,NO,YES,NO,NO,YES,NO,axis-cgi/jpg/image.cgi,axis-media/media.amp,axis-cgi/mjpg/video.cgi,http://www.axis.com/files/manuals/um_p3353_56236_en_1402.pdf,http://www.axis.com/files/datasheet/ds_p33v_51535_en_1310_lo.pdf,http://www.axis.com/products/cam_p3353/index.htm,root,pass,Fixed dome,Axis
Dome,P3363-V,800x600,?,30,NO,NO,Varifocal ,YES,NO,YES,YES,YES,YES,NO,axis-cgi/jpg/image.cgi,axis-media/media.amp,axis-cgi/mjpg/video.cgi,http://www.axis.com/files/manuals/um_p3363v_49864_en_1212.pdf,http://www.axis.com/files/datasheet/ds_p33v_51535_en_1310_lo.pdf,http://www.axis.com/products/cam_p3363v/index.htm,root,pass,Fixed dome,Axis
Dome,P3363-VE,800x600,?,30,NO,NO,Varifocal ,YES,NO,YES,YES,YES,YES,NO,axis-cgi/jpg/image.cgi,axis-media/media.amp,axis-cgi/mjpg/video.cgi,http://www.axis.com/files/manuals/um_p3363ve_49863_en_1212.pdf,http://www.axis.com/files/datasheet/ds_p33v_51535_en_1310_lo.pdf,http://www.axis.com/products/cam_p3363ve/index.htm,root,pass,Fixed dome,Axis
Dome,P3354,1280x960,1.3,30,NO,NO,Varifocal ,YES,NO,YES,NO,NO,YES,NO,axis-cgi/jpg/image.cgi,axis-media/media.amp,axis-cgi/mjpg/video.cgi,http://www.axis.com/files/manuals/um_p3354_56303_en_1402.pdf,http://www.axis.com/files/datasheet/ds_p33v_51535_en_1310_lo.pdf,http://www.axis.com/products/cam_p3354/index.htm,root,pass,Fixed dome,Axis
Dome,P3364-V,1280x960,1.3,30,NO,NO,Varifocal ,YES,NO,YES,YES,YES,YES,NO,axis-cgi/jpg/image.cgi,axis-media/media.amp,axis-cgi/mjpg/video.cgi,http://www.axis.com/files/manuals/um_P3364v_54963_1402.pdf,http://www.axis.com/files/datasheet/ds_p33v_51535_en_1310_lo.pdf,http://www.axis.com/products/cam_p3364v/index.htm,root,pass,Fixed dome,Axis
Dome,P3364-VE,1280x960,1.3,30,NO,NO,Varifocal ,YES,NO,YES,YES,YES,YES,NO,axis-cgi/jpg/image.cgi,axis-media/media.amp,axis-cgi/mjpg/video.cgi,http://www.axis.com/files/manuals/um_P3364ve_54964m3.3__en_1403.pdf,http://www.axis.com/files/datasheet/ds_p33v_51535_en_1310_lo.pdf,http://www.axis.com/products/cam_p3364ve/index.htm,root,pass,Fixed dome,Axis
Dome,P3384-V,1280x960,1.3,30,NO,NO,Varifocal ,YES,NO,YES,YES,YES,YES,NO,axis-cgi/jpg/image.cgi,axis-media/media.amp,axis-cgi/mjpg/video.cgi,http://www.axis.com/files/manuals/um_p3384v_47752_en_1207.pdf,http://www.axis.com/files/datasheet/ds_p33v_51535_en_1310_lo.pdf,http://www.axis.com/products/cam_p3384v/index.htm,root,pass,Fixed dome,Axis
Dome,P3384-VE,1280x960,1.3,30,NO,NO,Varifocal ,YES,NO,YES,YES,YES,YES,NO,axis-cgi/jpg/image.cgi,axis-media/media.amp,axis-cgi/mjpg/video.cgi,http://www.axis.com/files/manuals/um_p3384ve_47753_en_1207.pdf,http://www.axis.com/files/datasheet/ds_p33v_51535_en_1310_lo.pdf,http://www.axis.com/products/cam_p3384ve/index.htm,root,pass,Fixed dome,Axis
Dome,P3346,2048x1536,3,30,NO,NO,Varifocal ,YES,NO,YES,YES,YES,YES,NO,axis-cgi/jpg/image.cgi,axis-media/media.amp,axis-cgi/mjpg/video.cgi,http://www.axis.com/files/manuals/um_p3346_46012_en_1201.pdf,http://www.axis.com/files/datasheet/ds_p33v_51535_en_1310_lo.pdf,http://www.axis.com/products/cam_p3346/index.htm,root,pass,Fixed dome,Axis
Dome,P3346-V,2048x1536,3,30,NO,NO,Varifocal ,YES,NO,YES,YES,YES,YES,NO,axis-cgi/jpg/image.cgi,axis-media/media.amp,axis-cgi/mjpg/video.cgi,http://www.axis.com/files/manuals/um_p3346v_46013_en_1201.pdf,http://www.axis.com/files/datasheet/ds_p33v_51535_en_1310_lo.pdf,http://www.axis.com/products/cam_p3346v/index.htm,root,pass,Fixed dome,Axis
Dome,P3346-VE,2048x1536,3,30,NO,NO,Varifocal ,YES,NO,YES,YES,YES,YES,NO,axis-cgi/jpg/image.cgi,axis-media/media.amp,axis-cgi/mjpg/video.cgi,http://www.axis.com/files/manuals/um_p3346ve_46014_en_1201.pdf,http://www.axis.com/files/datasheet/ds_p33v_51535_en_1310_lo.pdf,http://www.axis.com/products/cam_p3346ve/index.htm,root,pass,Fixed dome,Axis
Dome,P3367-V,2592x1944,5,30,NO,NO,Varifocal ,YES,NO,YES,YES,YES,YES,NO,axis-cgi/jpg/image.cgi,axis-media/media.amp,axis-cgi/mjpg/video.cgi,http://www.axis.com/files/manuals/um_p3367v_49013_en_1211.pdf,http://www.axis.com/files/datasheet/ds_p33v_51535_en_1310_lo.pdf,http://www.axis.com/products/cam_p3367v/index.htm,root,pass,Fixed dome,Axis
Dome,P3367-VE,2592x1944,5,30,NO,NO,Varifocal ,YES,NO,YES,YES,YES,YES,NO,axis-cgi/jpg/image.cgi,axis-media/media.amp,axis-cgi/mjpg/video.cgi,http://www.axis.com/files/manuals/um_p3367_ve_43973_en_1107.pdf,http://www.axis.com/files/datasheet/ds_p33v_51535_en_1310_lo.pdf,http://www.axis.com/products/cam_p3367ve/index.htm,root,pass,Fixed dome,Axis
Dome,212 PTZ,640x480,?,30,YES,NO,Fixed iris,NO,NO,YES,YES,YES,YES,NO,axis-cgi/jpg/image.cgi,axis-media/media.amp,axis-cgi/mjpg/video.cgi,,,,root,pass,Pan/Tilt/Zoom,Axis
Dome,212 PTZ-V,640x480,?,30,YES,NO,Fixed iris,NO,NO,YES,YES,YES,YES,NO,axis-cgi/jpg/image.cgi,axis-media/media.amp,axis-cgi/mjpg/video.cgi,,,,root,pass,Pan/Tilt/Zoom,Axis
Dome,M5013,800x600,?,30,YES,NO,?,YES,NO,YES,YES,YES,YES,NO,axis-cgi/jpg/image.cgi,axis-media/media.amp,axis-cgi/mjpg/video.cgi,,,,root,pass,Pan/Tilt/Zoom,Axis
Dome,M5013-V,800x600,?,30,YES,NO,?,YES,NO,YES,YES,YES,YES,NO,axis-cgi/jpg/image.cgi,axis-media/media.amp,axis-cgi/mjpg/video.cgi,,,,root,pass,Pan/Tilt/Zoom,Axis
Dome,M5014,1280x720,?,30,YES,NO,?,YES,NO,YES,YES,YES,YES,NO,axis-cgi/jpg/image.cgi,axis-media/media.amp,axis-cgi/mjpg/video.cgi,,,,root,pass,Pan/Tilt/Zoom,Axis
Dome,M5014-V,1280x720,?,30,YES,NO,?,YES,NO,YES,YES,YES,YES,NO,axis-cgi/jpg/image.cgi,axis-media/media.amp,axis-cgi/mjpg/video.cgi,,,,root,pass,Pan/Tilt/Zoom,Axis
Dome,214 PTZ,704x576,?,30,YES,NO,Auto iris,NO,NO,NO,YES,YES,NO,NO,axis-cgi/jpg/image.cgi,axis-media/media.amp,axis-cgi/mjpg/video.cgi,,,,root,pass,Pan/Tilt/Zoom,Axis
Dome,P5414-E,1280x720,?,30,YES,NO,Auto iris,YES,NO,YES,YES,YES,YES,NO,axis-cgi/jpg/image.cgi,axis-media/media.amp,axis-cgi/mjpg/video.cgi,,,,root,pass,Pan/Tilt/Zoom,Axis
Dome,P5415-E,1920x1080,?,30,YES,NO,Auto iris,YES,NO,YES,YES,YES,YES,NO,axis-cgi/jpg/image.cgi,axis-media/media.amp,axis-cgi/mjpg/video.cgi,,,,root,pass,Pan/Tilt/Zoom,Axis
Dome,P5512,704x576,?,30,YES,NO,Auto iris,YES,NO,YES,YES,YES,YES,NO,axis-cgi/jpg/image.cgi,axis-media/media.amp,axis-cgi/mjpg/video.cgi,,,,root,pass,Pan/Tilt/Zoom,Axis
Dome,P5512-E,704x576,?,30,YES,NO,Auto iris,YES,NO,YES,YES,YES,YES,NO,axis-cgi/jpg/image.cgi,axis-media/media.amp,axis-cgi/mjpg/video.cgi,,,,root,pass,Pan/Tilt/Zoom,Axis
Dome,P5522,720x576,?,30,YES,NO,Auto iris,YES,NO,YES,YES,YES,YES,NO,axis-cgi/jpg/image.cgi,axis-media/media.amp,axis-cgi/mjpg/video.cgi,,,,root,pass,Pan/Tilt/Zoom,Axis
Dome,P5522-E,720x576,?,30,YES,NO,Auto iris,YES,NO,YES,YES,YES,YES,NO,axis-cgi/jpg/image.cgi,axis-media/media.amp,axis-cgi/mjpg/video.cgi,,,,root,pass,Pan/Tilt/Zoom,Axis
Dome,P5532,720x576,?,30,YES,NO,Auto iris,YES,NO,YES,YES,YES,YES,NO,axis-cgi/jpg/image.cgi,axis-media/media.amp,axis-cgi/mjpg/video.cgi,,,,root,pass,Pan/Tilt/Zoom,Axis
Dome,P5532-E,720x576,?,30,YES,NO,Auto iris,YES,NO,YES,YES,YES,YES,NO,axis-cgi/jpg/image.cgi,axis-media/media.amp,axis-cgi/mjpg/video.cgi,,,,root,pass,Pan/Tilt/Zoom,Axis
Dome,P5534,1280x720,?,30,YES,NO,Auto iris,YES,NO,YES,YES,YES,YES,NO,axis-cgi/jpg/image.cgi,axis-media/media.amp,axis-cgi/mjpg/video.cgi,,,,root,pass,Pan/Tilt/Zoom,Axis
Dome,P5534-E,1280x720,?,30,YES,NO,Auto iris,YES,NO,YES,YES,YES,YES,NO,axis-cgi/jpg/image.cgi,axis-media/media.amp,axis-cgi/mjpg/video.cgi,,,,root,pass,Pan/Tilt/Zoom,Axis
Dome,P5544,1280x720,?,30,YES,NO,Auto iris,YES,NO,YES,YES,YES,YES,NO,axis-cgi/jpg/image.cgi,axis-media/media.amp,axis-cgi/mjpg/video.cgi,,,,root,pass,Pan/Tilt/Zoom,Axis
Dome,Q6042,736x576,?,30,YES,NO,Auto iris,YES,NO,YES,YES,YES,YES,NO,axis-cgi/jpg/image.cgi,axis-media/media.amp,axis-cgi/mjpg/video.cgi,,,,root,pass,Pan/Tilt/Zoom,Axis
Dome,Q6042-E,736x576,?,30,YES,NO,Auto iris,YES,NO,YES,YES,YES,YES,NO,axis-cgi/jpg/image.cgi,axis-media/media.amp,axis-cgi/mjpg/video.cgi,,,,root,pass,Pan/Tilt/Zoom,Axis
Dome,Q6042-C,736x576,?,30,YES,NO,Auto iris,YES,NO,YES,NO,NO,NO,NO,axis-cgi/jpg/image.cgi,axis-media/media.amp,axis-cgi/mjpg/video.cgi,,,,root,pass,Pan/Tilt/Zoom,Axis
Dome,Q6042-S,736x576,?,30,YES,NO,Auto iris,YES,NO,YES,NO,NO,NO,NO,axis-cgi/jpg/image.cgi,axis-media/media.amp,axis-cgi/mjpg/video.cgi,,,,root,pass,Pan/Tilt/Zoom,Axis
Dome,Q6044,1280x720,?,30,YES,NO,Auto iris,YES,NO,YES,YES,YES,YES,NO,axis-cgi/jpg/image.cgi,axis-media/media.amp,axis-cgi/mjpg/video.cgi,,,,root,pass,Pan/Tilt/Zoom,Axis
Dome,Q6044-E,1280x720,?,30,YES,NO,Auto iris,YES,NO,YES,YES,YES,YES,NO,axis-cgi/jpg/image.cgi,axis-media/media.amp,axis-cgi/mjpg/video.cgi,,,,root,pass,Pan/Tilt/Zoom,Axis
Dome,Q6044-C,1280x720,?,30,YES,NO,Auto iris,YES,NO,YES,NO,NO,NO,NO,axis-cgi/jpg/image.cgi,axis-media/media.amp,axis-cgi/mjpg/video.cgi,,,,root,pass,Pan/Tilt/Zoom,Axis
Dome,Q6044-S,1280x720,?,30,YES,NO,Auto iris,YES,NO,YES,NO,NO,NO,NO,axis-cgi/jpg/image.cgi,axis-media/media.amp,axis-cgi/mjpg/video.cgi,,,,root,pass,Pan/Tilt/Zoom,Axis
Dome,Q6045,1920x1080,?,30,YES,NO,Auto iris,YES,NO,YES,YES,YES,YES,NO,axis-cgi/jpg/image.cgi,axis-media/media.amp,axis-cgi/mjpg/video.cgi,,,,root,pass,Pan/Tilt/Zoom,Axis
Dome,Q6045-E,1920x1080,?,30,YES,NO,Auto iris,YES,NO,YES,YES,YES,YES,NO,axis-cgi/jpg/image.cgi,axis-media/media.amp,axis-cgi/mjpg/video.cgi,,,,root,pass,Pan/Tilt/Zoom,Axis
Dome,Q6045-C,1920x1080,?,30,YES,NO,Auto iris,YES,NO,YES,NO,NO,NO,NO,axis-cgi/jpg/image.cgi,axis-media/media.amp,axis-cgi/mjpg/video.cgi,,,,root,pass,Pan/Tilt/Zoom,Axis
Dome,Q6045-S,1920x1080,?,30,YES,NO,Auto iris,YES,NO,YES,NO,NO,NO,NO,axis-cgi/jpg/image.cgi,axis-media/media.amp,axis-cgi/mjpg/video.cgi,,,,root,pass,Pan/Tilt/Zoom,Axis
Box,Q8721-E,1920x1080,2,30,YES,NO,Autofocus ,NO,NO,NO,NO,NO,NO,NO,axis-cgi/jpg/image.cgi,axis-media/media.amp,axis-cgi/mjpg/video.cgi,,,,root,pass,Pan/Tilt/Zoom,Axis
Box,Q8722-E,1920x1080,2,30,YES,NO,Autofocus ,NO,NO,NO,NO,NO,NO,NO,axis-cgi/jpg/image.cgi,axis-media/media.amp,axis-cgi/mjpg/video.cgi,,,,root,pass,Pan/Tilt/Zoom,Axis
Box,Q1910,160x128,?,30,NO,NO,?,YES,NO,YES,YES,YES,YES,NO,axis-cgi/jpg/image.cgi,axis-media/media.amp,axis-cgi/mjpg/video.cgi,http://www.axis.com/files/manuals/um_q192x_48466_en_1207.pdf,http://www.axis.com/files/datasheet/ds_q1910_combo_41970_en_1301_lo.pdf,http://www.axis.com/products/cam_q1910/index.htm,root,pass,Thermal ,Axis
Box,Q1910-E,160x128,?,30,NO,NO,?,YES,NO,YES,YES,YES,YES,NO,axis-cgi/jpg/image.cgi,axis-media/media.amp,axis-cgi/mjpg/video.cgi,http://www.axis.com/files/manuals/um_q192x_48466_en_1207.pdf,http://www.axis.com/files/datasheet/ds_q1910_combo_41970_en_1301_lo.pdf,http://www.axis.com/products/cam_q1910e/index.htm,root,pass,Thermal ,Axis
Box,Q1921,384x288,?,30,NO,NO,?,YES,NO,YES,YES,YES,YES,NO,axis-cgi/jpg/image.cgi,axis-media/media.amp,axis-cgi/mjpg/video.cgi,http://www.axis.com/files/manuals/um_q192x_48466_en_1207.pdf,http://www.axis.com/files/datasheet/ds_q1921_combo_41980_en_1301_lo.pdf,http://www.axis.com/products/cam_q1921/index.htm,root,pass,Thermal ,Axis
Box,Q1921-E,384x288,?,30,NO,NO,?,YES,NO,YES,YES,YES,YES,NO,axis-cgi/jpg/image.cgi,axis-media/media.amp,axis-cgi/mjpg/video.cgi,http://www.axis.com/files/manuals/um_q192x_48466_en_1207.pdf,http://www.axis.com/files/datasheet/ds_q1921_combo_41980_en_1301_lo.pdf,http://www.axis.com/products/cam_q1921e/index.htm,root,pass,Thermal ,Axis
Box,Q1922,640x480,?,30,NO,NO,?,YES,NO,YES,YES,YES,YES,NO,axis-cgi/jpg/image.cgi,axis-media/media.amp,axis-cgi/mjpg/video.cgi,http://www.axis.com/files/manuals/um_q192x_48466_en_1207.pdf,http://www.axis.com/files/datasheet/ds_q1922_q1922-e_46221_en_1301_lo.pdf,http://www.axis.com/products/cam_q1922/index.htm,root,pass,Thermal ,Axis
Box,Q1922-E,640x480,?,30,NO,NO,?,YES,NO,YES,YES,YES,YES,NO,axis-cgi/jpg/image.cgi,axis-media/media.amp,axis-cgi/mjpg/video.cgi,http://www.axis.com/files/manuals/um_q192x_48466_en_1207.pdf,http://www.axis.com/files/datasheet/ds_q1922_q1922-e_46221_en_1301_lo.pdf,http://www.axis.com/products/cam_q1922e/index.htm,root,pass,Thermal ,Axis
Box,Q1931-E,384x288,?,30,NO,NO,?,YES,NO,YES,YES,YES,YES,NO,axis-cgi/jpg/image.cgi,axis-media/media.amp,axis-cgi/mjpg/video.cgi,http://www.axis.com/files/manuals/um_q1931e_54672_en_1311.pdf,http://www.axis.com/files/datasheet/ds_q1931e_51936_en_1311_lo.pdf,http://www.axis.com/products/cam_q1931e/index.htm,root,pass,Thermal ,Axis
